#CREATE A PROCEDURE TO DISPLAY ALL TABLES IN THE INVOICE DATABASE

mysql> delimiter //
mysql> create procedure t2()
    -> begin
    -> select * from customer;
    -> select * from product;
    -> select * from invoice_item;
    -> select * from invoice_master;
    -> end //
Query OK, 0 rows affected (0.15 sec)

mysql> call t2();
    -> //
+---------+---------+---------------+-----------+------------+
| cust_id | name    | address       | city      | ph_no      |
+---------+---------+---------------+-----------+------------+
|   10001 | archana | jfgefgf       | clt       | 8783452618 |
|   10002 | punnya  | hbvjhgsjggsik | ekm       | 7380964689 |
|   10003 | sandra  | fbjhdfgjhdkgj | ekm       | 6578949056 |
|   10004 | diya    | gkfkjfkgjfkf  | kozhikode | 9588964689 |
|   10005 | hudha   | nbcbdcgdhg    | tvm       |       NULL |
+---------+---------+---------------+-----------+------------+
5 rows in set (0.00 sec)

+------+--------+-------+
| p_id | pname  | price |
+------+--------+-------+
|    1 | pen    |    33 |
|    2 | pencil |    11 |
|    3 | soap   |   110 |
|    4 | bag    |   154 |
|    5 | box    |    61 |
+------+--------+-------+
5 rows in set (0.00 sec)

+--------+------+----------+
| inv_id | p_id | quantity |
+--------+------+----------+
|    104 |    2 |        5 |
|    101 |    2 |        1 |
|    101 |    1 |        2 |
|    102 |    3 |        1 |
|    103 |    5 |        4 |
|    105 |    5 |        3 |
+--------+------+----------+
6 rows in set (0.00 sec)

+--------+---------+------------+
| inv_id | cust_id | inv_date   |
+--------+---------+------------+
|    101 |   10001 | 2024-02-28 |
|    102 |   10001 | 2024-02-28 |
|    103 |   10003 | 2024-02-25 |
|    104 |   10003 | 2024-02-09 |
|    105 |   10004 | 2024-02-09 |
+--------+---------+------------+
5 rows in set (0.00 sec)

Query OK, 0 rows affected (0.00 sec)



//VERIFIED






